No.,Title,Category,Price (£),Rating,Availability,Price_Segment,Rating_Label
1,It's Only the Himalayas,Travel,45.17,2,In stock,Premium (£40–60),Fair
2,Full Moon over Noah’s Ark: An Odyssey to Mount Ararat and Beyond,Travel,49.43,4,In stock,Premium (£40–60),Good
3,See America: A Celebration of Our National Parks & Treasured Sites,Travel,48.87,3,In stock,Premium (£40–60),Average
4,Vagabonding: An Uncommon Guide to the Art of Long-Term World Travel,Travel,36.94,2,In stock,Medium (£20–40),Fair
5,Under the Tuscan Sun,Travel,37.33,3,In stock,Medium (£20–40),Average
6,A Summer In Europe,Travel,44.34,2,In stock,Premium (£40–60),Fair
7,The Great Railway Bazaar,Travel,30.54,1,In stock,Medium (£20–40),Poor
8,A Year in Provence (Provence #1),Travel,56.88,4,In stock,Premium (£40–60),Good
9,The Road to Little Dribbling: Adventures of an American in Britain (Notes From a Small Island #2),Travel,23.21,1,In stock,Medium (£20–40),Poor
10,Neither Here nor There: Travels in Europe,Travel,38.95,3,In stock,Medium (£20–40),Average
11,"1,000 Places to See Before You Die",Travel,26.08,5,In stock,Medium (£20–40),Excellent
12,Sharp Objects,Mystery,47.82,4,In stock,Premium (£40–60),Good
13,"In a Dark, Dark Wood",Mystery,19.63,1,In stock,Low (£0–20),Poor
14,The Past Never Ends,Mystery,56.5,4,In stock,Premium (£40–60),Good
15,A Murder in Time,Mystery,16.64,1,In stock,Low (£0–20),Poor
16,The Murder of Roger Ackroyd (Hercule Poirot #4),Mystery,44.1,4,In stock,Premium (£40–60),Good
17,The Last Mile (Amos Decker #2),Mystery,54.21,2,In stock,Premium (£40–60),Fair
18,That Darkness (Gardiner and Renner #1),Mystery,13.92,1,In stock,Low (£0–20),Poor
19,Tastes Like Fear (DI Marnie Rome #3),Mystery,10.69,1,In stock,Low (£0–20),Poor
20,A Time of Torment (Charlie Parker #14),Mystery,48.35,5,In stock,Premium (£40–60),Excellent
21,A Study in Scarlet (Sherlock Holmes #1),Mystery,16.73,2,In stock,Low (£0–20),Fair
22,Poisonous (Max Revere Novels #3),Mystery,26.8,3,In stock,Medium (£20–40),Average
23,Murder at the 42nd Street Library (Raymond Ambler #1),Mystery,54.36,4,In stock,Premium (£40–60),Good
24,Most Wanted,Mystery,35.28,3,In stock,Medium (£20–40),Average
25,Hide Away (Eve Duncan #20),Mystery,11.84,1,In stock,Low (£0–20),Poor
26,Boar Island (Anna Pigeon #19),Mystery,59.48,3,In stock,Premium (£40–60),Average
27,The Widow,Mystery,27.26,2,In stock,Medium (£20–40),Fair
28,Playing with Fire,Mystery,13.71,3,In stock,Low (£0–20),Average
29,What Happened on Beale Street (Secrets of the South Mysteries #2),Mystery,25.37,5,In stock,Medium (£20–40),Excellent
30,The Bachelor Girl's Guide to Murder (Herringford and Watts Mysteries #1),Mystery,52.3,5,In stock,Premium (£40–60),Excellent
31,Delivering the Truth (Quaker Midwife Mystery #1),Mystery,20.89,4,In stock,Medium (£20–40),Good
32,The Mysterious Affair at Styles (Hercule Poirot #1),Mystery,24.8,4,In stock,Medium (£20–40),Good
33,In the Woods (Dublin Murder Squad #1),Mystery,38.38,2,In stock,Medium (£20–40),Fair
34,The Silkworm (Cormoran Strike #2),Mystery,23.05,5,In stock,Medium (£20–40),Excellent
35,The Exiled,Mystery,43.45,3,In stock,Premium (£40–60),Average
36,The Cuckoo's Calling (Cormoran Strike #1),Mystery,19.21,1,In stock,Low (£0–20),Poor
37,Extreme Prey (Lucas Davenport #26),Mystery,25.4,3,In stock,Medium (£20–40),Average
38,Career of Evil (Cormoran Strike #3),Mystery,24.72,2,In stock,Medium (£20–40),Fair
39,The No. 1 Ladies' Detective Agency (No. 1 Ladies' Detective Agency #1),Mystery,57.7,4,In stock,Premium (£40–60),Good
40,The Girl You Lost,Mystery,12.29,5,In stock,Low (£0–20),Excellent
41,The Girl In The Ice (DCI Erika Foster #1),Mystery,15.85,3,In stock,Low (£0–20),Average
42,Blood Defense (Samantha Brinkman #1),Mystery,20.3,3,In stock,Medium (£20–40),Average
43,1st to Die (Women's Murder Club #1),Mystery,53.98,1,In stock,Premium (£40–60),Poor
44,Tipping the Velvet,Historical Fiction,53.74,1,In stock,Premium (£40–60),Poor
45,Forever and Forever: The Courtship of Henry Longfellow and Fanny Appleton,Historical Fiction,29.69,3,In stock,Medium (£20–40),Average
46,A Flight of Arrows (The Pathfinders #2),Historical Fiction,55.53,5,In stock,Premium (£40–60),Excellent
47,The House by the Lake,Historical Fiction,36.95,1,In stock,Medium (£20–40),Poor
48,Mrs. Houdini,Historical Fiction,30.25,5,In stock,Medium (£20–40),Excellent
49,The Marriage of Opposites,Historical Fiction,28.08,4,In stock,Medium (£20–40),Good
50,Glory over Everything: Beyond The Kitchen House,Historical Fiction,45.84,3,In stock,Premium (£40–60),Average
51,"Love, Lies and Spies",Historical Fiction,20.55,2,In stock,Medium (£20–40),Fair
52,A Paris Apartment,Historical Fiction,39.01,4,In stock,Medium (£20–40),Good
53,Lilac Girls,Historical Fiction,17.28,2,In stock,Low (£0–20),Fair
54,The Constant Princess (The Tudor Court #1),Historical Fiction,16.62,3,In stock,Low (£0–20),Average
55,The Invention of Wings,Historical Fiction,37.34,1,In stock,Medium (£20–40),Poor
56,World Without End (The Pillars of the Earth #2),Historical Fiction,32.97,4,In stock,Medium (£20–40),Good
57,The Passion of Dolssa,Historical Fiction,28.32,5,In stock,Medium (£20–40),Excellent
58,Girl With a Pearl Earring,Historical Fiction,26.77,1,In stock,Medium (£20–40),Poor
59,Voyager (Outlander #3),Historical Fiction,21.07,5,In stock,Medium (£20–40),Excellent
60,The Red Tent,Historical Fiction,35.66,5,In stock,Medium (£20–40),Excellent
61,The Last Painting of Sara de Vos,Historical Fiction,55.55,2,In stock,Premium (£40–60),Fair
62,The Guernsey Literary and Potato Peel Pie Society,Historical Fiction,49.53,1,In stock,Premium (£40–60),Poor
63,Girl in the Blue Coat,Historical Fiction,46.83,2,In stock,Premium (£40–60),Fair
64,Between Shades of Gray,Historical Fiction,20.79,5,In stock,Medium (£20–40),Excellent
65,While You Were Mine,Historical Fiction,41.32,5,In stock,Premium (£40–60),Excellent
66,The Secret Healer,Historical Fiction,34.56,3,In stock,Medium (£20–40),Average
67,Starlark,Historical Fiction,25.83,3,In stock,Medium (£20–40),Average
68,Lost Among the Living,Historical Fiction,27.7,4,In stock,Medium (£20–40),Good
69,A Spy's Devotion (The Regency Spies of London #1),Historical Fiction,16.97,5,In stock,Low (£0–20),Excellent
70,Scott Pilgrim's Precious Little Life (Scott Pilgrim #1),Sequential Art,52.29,5,In stock,Premium (£40–60),Excellent
71,Tsubasa: WoRLD CHRoNiCLE 2 (Tsubasa WoRLD CHRoNiCLE #2),Sequential Art,16.28,1,In stock,Low (£0–20),Poor
72,This One Summer,Sequential Art,19.49,4,In stock,Low (£0–20),Good
73,The Nameless City (The Nameless City #1),Sequential Art,38.16,4,In stock,Medium (£20–40),Good
74,"Saga, Volume 5 (Saga (Collected Editions) #5)",Sequential Art,51.04,2,In stock,Premium (£40–60),Fair
75,"Rat Queens, Vol. 3: Demons (Rat Queens (Collected Editions) #11-15)",Sequential Art,50.4,3,In stock,Premium (£40–60),Average
76,"Princess Jellyfish 2-in-1 Omnibus, Vol. 01 (Princess Jellyfish 2-in-1 Omnibus #1)",Sequential Art,13.61,5,In stock,Low (£0–20),Excellent
77,"Pop Gun War, Volume 1: Gift",Sequential Art,18.97,1,In stock,Low (£0–20),Poor
78,Patience,Sequential Art,10.16,3,In stock,Low (£0–20),Average
79,"Outcast, Vol. 1: A Darkness Surrounds Him (Outcast #1)",Sequential Art,15.44,4,In stock,Low (£0–20),Good
80,orange: The Complete Collection 1 (orange: The Complete Collection #1),Sequential Art,48.41,1,In stock,Premium (£40–60),Poor
81,"Lumberjanes, Vol. 2: Friendship to the Max (Lumberjanes #5-8)",Sequential Art,46.91,2,In stock,Premium (£40–60),Fair
82,"Lumberjanes, Vol. 1: Beware the Kitten Holy (Lumberjanes #1-4)",Sequential Art,45.61,3,In stock,Premium (£40–60),Average
83,Lumberjanes Vol. 3: A Terrible Plan (Lumberjanes #9-12),Sequential Art,19.92,2,In stock,Low (£0–20),Fair
84,"I Hate Fairyland, Vol. 1: Madly Ever After (I Hate Fairyland (Compilations) #1-5)",Sequential Art,29.17,2,In stock,Medium (£20–40),Fair
85,I am a Hero Omnibus Volume 1,Sequential Art,54.63,3,In stock,Premium (£40–60),Average
86,"Giant Days, Vol. 2 (Giant Days #5-8)",Sequential Art,22.11,2,In stock,Medium (£20–40),Fair
87,Danganronpa Volume 1,Sequential Art,51.99,4,In stock,Premium (£40–60),Good
88,"Codename Baboushka, Volume 1: The Conclave of Death",Sequential Art,36.72,4,In stock,Medium (£20–40),Good
89,Camp Midnight,Sequential Art,17.08,4,In stock,Low (£0–20),Good
90,"Bitch Planet, Vol. 1: Extraordinary Machine (Bitch Planet (Collected Editions))",Sequential Art,37.92,2,In stock,Medium (£20–40),Fair
91,The Shadow Hero (The Shadow Hero),Sequential Art,33.14,1,In stock,Medium (£20–40),Poor
92,"Fables, Vol. 1: Legends in Exile (Fables #1)",Sequential Art,41.62,4,In stock,Premium (£40–60),Good
93,Batman: The Long Halloween (Batman),Sequential Art,36.5,2,In stock,Medium (£20–40),Fair
94,Batman: The Dark Knight Returns (Batman),Sequential Art,15.38,5,In stock,Low (£0–20),Excellent
95,"Wonder Woman: Earth One, Volume One (Wonder Woman: Earth One #1)",Sequential Art,37.34,4,In stock,Medium (£20–40),Good
96,"We Are Robin, Vol. 1: The Vigilante Business (We Are Robin #1)",Sequential Art,53.9,1,In stock,Premium (£40–60),Poor
97,Through the Woods,Sequential Art,25.38,2,In stock,Medium (£20–40),Fair
98,Superman Vol. 1: Before Truth (Superman by Gene Luen Yang #1),Sequential Art,11.89,5,In stock,Low (£0–20),Excellent
99,"So Cute It Hurts!!, Vol. 6 (So Cute It Hurts!! #6)",Sequential Art,35.43,4,In stock,Medium (£20–40),Good
100,Robin War,Sequential Art,47.82,3,In stock,Premium (£40–60),Average
101,"Red Hood/Arsenal, Vol. 1: Open for Business (Red Hood/Arsenal #1)",Sequential Art,25.48,2,In stock,Medium (£20–40),Fair
102,"Naruto (3-in-1 Edition), Vol. 14: Includes Vols. 40, 41 & 42 (Naruto: Omnibus #14)",Sequential Art,38.39,2,In stock,Medium (£20–40),Fair
103,Lowriders to the Center of the Earth (Lowriders in Space #2),Sequential Art,51.51,2,In stock,Premium (£40–60),Fair
104,El Deafo,Sequential Art,57.62,5,In stock,Premium (£40–60),Excellent
105,Batman: Europa,Sequential Art,32.01,2,In stock,Medium (£20–40),Fair
106,Art Ops Vol. 1,Sequential Art,48.8,3,In stock,Premium (£40–60),Average
107,"Adulthood Is a Myth: A ""Sarah's Scribbles"" Collection",Sequential Art,10.9,2,In stock,Low (£0–20),Fair
108,"Fruits Basket, Vol. 9 (Fruits Basket #9)",Sequential Art,33.95,4,In stock,Medium (£20–40),Good
109,Roller Girl,Sequential Art,14.1,5,In stock,Low (£0–20),Excellent
110,"Fruits Basket, Vol. 7 (Fruits Basket #7)",Sequential Art,19.57,1,In stock,Low (£0–20),Poor
111,"Fruits Basket, Vol. 6 (Fruits Basket #6)",Sequential Art,20.96,4,In stock,Medium (£20–40),Good
112,"Death Note, Vol. 6: Give-and-Take (Death Note #6)",Sequential Art,36.39,3,In stock,Medium (£20–40),Average
113,"Fruits Basket, Vol. 5 (Fruits Basket #5)",Sequential Art,16.33,1,In stock,Low (£0–20),Poor
114,"Death Note, Vol. 5: Whiteout (Death Note #5)",Sequential Art,52.41,1,In stock,Premium (£40–60),Poor
115,"The Demon Prince of Momochi House, Vol. 4 (The Demon Prince of Momochi House #4)",Sequential Art,27.88,2,In stock,Medium (£20–40),Fair
116,"Fruits Basket, Vol. 4 (Fruits Basket #4)",Sequential Art,50.44,4,In stock,Premium (£40–60),Good
117,"The Wicked + The Divine, Vol. 3: Commercial Suicide (The Wicked + The Divine)",Sequential Art,14.41,3,In stock,Low (£0–20),Average
118,"The Sandman, Vol. 3: Dream Country (The Sandman (volumes) #3)",Sequential Art,55.55,5,In stock,Premium (£40–60),Excellent
119,"Saga, Volume 3 (Saga (Collected Editions) #3)",Sequential Art,21.57,5,In stock,Medium (£20–40),Excellent
120,Prodigy: The Graphic Novel (Legend: The Graphic Novel #2),Sequential Art,43.63,3,In stock,Premium (£40–60),Average
121,Persepolis: The Story of a Childhood (Persepolis #1-2),Sequential Art,39.13,1,In stock,Medium (£20–40),Poor
122,Original Fake,Sequential Art,31.45,3,In stock,Medium (£20–40),Average
123,"Grayson, Vol 3: Nemesis (Grayson #3)",Sequential Art,42.72,1,In stock,Premium (£40–60),Poor
124,"Fruits Basket, Vol. 3 (Fruits Basket #3)",Sequential Art,45.17,2,In stock,Premium (£40–60),Fair
125,"Black Butler, Vol. 1 (Black Butler #1)",Sequential Art,49.31,1,In stock,Premium (£40–60),Poor
126,Awkward,Sequential Art,38.02,2,In stock,Medium (£20–40),Fair
127,"The Sandman, Vol. 2: The Doll's House (The Sandman (volumes) #2)",Sequential Art,54.81,1,In stock,Premium (£40–60),Poor
128,"Saga, Volume 2 (Saga (Collected Editions) #2)",Sequential Art,11.75,3,In stock,Low (£0–20),Average
129,"Fruits Basket, Vol. 2 (Fruits Basket #2)",Sequential Art,11.64,5,In stock,Low (£0–20),Excellent
130,"Y: The Last Man, Vol. 1: Unmanned (Y: The Last Man #1)",Sequential Art,18.51,4,In stock,Low (£0–20),Good
131,"The Wicked + The Divine, Vol. 1: The Faust Act (The Wicked + The Divine)",Sequential Art,36.52,2,In stock,Medium (£20–40),Fair
132,"The Sandman, Vol. 1: Preludes and Nocturnes (The Sandman (volumes) #1)",Sequential Art,54.12,3,In stock,Premium (£40–60),Average
133,The Complete Maus (Maus #1-2),Sequential Art,10.64,3,In stock,Low (£0–20),Average
134,"Skip Beat!, Vol. 01 (Skip Beat! #1)",Sequential Art,42.12,3,In stock,Premium (£40–60),Average
135,"Saga, Volume 1 (Saga (Collected Editions) #1)",Sequential Art,28.48,1,In stock,Medium (£20–40),Poor
136,"Rat Queens, Vol. 1: Sass & Sorcery (Rat Queens (Collected Editions) #1-5)",Sequential Art,46.96,5,In stock,Premium (£40–60),Excellent
137,"Paper Girls, Vol. 1 (Paper Girls #1-5)",Sequential Art,21.71,4,In stock,Medium (£20–40),Good
138,"Ouran High School Host Club, Vol. 1 (Ouran High School Host Club #1)",Sequential Art,29.87,3,In stock,Medium (£20–40),Average
139,"Ms. Marvel, Vol. 1: No Normal (Ms. Marvel (2014-2015) #1)",Sequential Art,39.39,4,In stock,Medium (£20–40),Good
140,"Hawkeye, Vol. 1: My Life as a Weapon (Hawkeye #1)",Sequential Art,45.24,3,In stock,Premium (£40–60),Average
141,"Giant Days, Vol. 1 (Giant Days #1-4)",Sequential Art,56.76,4,In stock,Premium (£40–60),Good
142,"Fruits Basket, Vol. 1 (Fruits Basket #1)",Sequential Art,40.28,5,In stock,Premium (£40–60),Excellent
143,"Bleach, Vol. 1: Strawberry and the Soul Reapers (Bleach #1)",Sequential Art,34.65,5,In stock,Medium (£20–40),Excellent
144,"Ajin: Demi-Human, Volume 1 (Ajin: Demi-Human #1)",Sequential Art,57.06,4,In stock,Premium (£40–60),Good
145,The Secret Garden,Classics,15.08,4,In stock,Low (£0–20),Good
146,The Metamorphosis,Classics,28.58,1,In stock,Medium (£20–40),Poor
147,The Pilgrim's Progress,Classics,50.26,2,In stock,Premium (£40–60),Fair
148,The Hound of the Baskervilles (Sherlock Holmes #5),Classics,14.82,2,In stock,Low (£0–20),Fair
149,Little Women (Little Women #1),Classics,28.07,4,In stock,Medium (£20–40),Good
150,Gone with the Wind,Classics,32.49,3,In stock,Medium (£20–40),Average
151,Candide,Classics,58.63,3,In stock,Premium (£40–60),Average
152,Animal Farm,Classics,57.22,3,In stock,Premium (£40–60),Average
153,Wuthering Heights,Classics,17.73,3,In stock,Low (£0–20),Average
154,The Picture of Dorian Gray,Classics,29.7,2,In stock,Medium (£20–40),Fair
155,The Complete Stories and Poems (The Works of Edgar Allan Poe [Cameo Edition]),Classics,26.78,4,In stock,Medium (£20–40),Good
156,Beowulf,Classics,38.35,2,In stock,Medium (£20–40),Fair
157,And Then There Were None,Classics,35.01,2,In stock,Medium (£20–40),Fair
158,The Story of Hong Gildong,Classics,43.19,4,In stock,Premium (£40–60),Good
159,The Little Prince,Classics,45.42,2,In stock,Premium (£40–60),Fair
160,Sense and Sensibility,Classics,37.46,1,In stock,Medium (£20–40),Poor
161,Of Mice and Men,Classics,47.11,2,In stock,Premium (£40–60),Fair
162,Emma,Classics,32.93,2,In stock,Medium (£20–40),Fair
163,Alice in Wonderland (Alice's Adventures in Wonderland #1),Classics,55.53,1,In stock,Premium (£40–60),Poor
164,Sophie's World,Philosophy,15.94,5,In stock,Low (£0–20),Excellent
165,The Death of Humanity: and the Case for Life,Philosophy,58.11,4,In stock,Premium (£40–60),Good
166,The Stranger,Philosophy,17.44,4,In stock,Low (£0–20),Good
167,Proofs of God: Classical Arguments from Tertullian to Barth,Philosophy,54.21,1,In stock,Premium (£40–60),Poor
168,Kierkegaard: A Christian Missionary to Christians,Philosophy,47.13,1,In stock,Premium (£40–60),Poor
169,"At The Existentialist Café: Freedom, Being, and apricot cocktails with: Jean-Paul Sartre, Simone de Beauvoir, Albert Camus, Martin Heidegger, Edmund Husserl, Karl Jaspers, Maurice Merleau-Ponty and others",Philosophy,29.93,5,In stock,Medium (£20–40),Excellent
170,Critique of Pure Reason,Philosophy,20.75,1,In stock,Medium (£20–40),Poor
171,"Run, Spot, Run: The Ethics of Keeping Pets",Philosophy,20.02,1,In stock,Medium (£20–40),Poor
172,The Nicomachean Ethics,Philosophy,36.34,1,In stock,Medium (£20–40),Poor
173,Meditations,Philosophy,25.89,2,In stock,Medium (£20–40),Fair
174,Beyond Good and Evil,Philosophy,43.38,1,In stock,Premium (£40–60),Poor
175,Chase Me (Paris Nights #2),Romance,25.27,5,In stock,Medium (£20–40),Excellent
176,Black Dust,Romance,34.53,5,In stock,Medium (£20–40),Excellent
177,Her Backup Boyfriend (The Sorensen Family #1),Romance,33.97,1,In stock,Medium (£20–40),Poor
178,First and First (Five Boroughs #3),Romance,15.97,4,In stock,Low (£0–20),Good
179,Fifty Shades Darker (Fifty Shades #2),Romance,21.96,1,In stock,Medium (£20–40),Poor
180,The Wedding Dress,Romance,24.12,1,In stock,Medium (£20–40),Poor
181,Suddenly in Love (Lake Haven #1),Romance,55.99,2,In stock,Premium (£40–60),Fair
182,Something More Than This,Romance,16.24,4,In stock,Low (£0–20),Good
183,Doing It Over (Most Likely To #1),Romance,35.61,3,In stock,Medium (£20–40),Average
184,The Wedding Pact (The O'Malleys #2),Romance,32.61,3,In stock,Medium (£20–40),Average
185,Hold Your Breath (Search and Rescue #1),Romance,28.82,1,In stock,Medium (£20–40),Poor
186,Dirty (Dive Bar #1),Romance,40.83,4,In stock,Premium (£40–60),Good
187,Take Me Home Tonight (Rock Star Romance #3),Romance,53.98,3,In stock,Premium (£40–60),Average
188,Off the Hook (Fishing for Trouble #1),Romance,47.67,3,In stock,Premium (£40–60),Average
189,A Gentleman's Position (Society of Gentlemen #3),Romance,14.75,5,In stock,Low (£0–20),Excellent
190,"Sit, Stay, Love",Romance,20.9,3,In stock,Medium (£20–40),Average
191,A Girl's Guide to Moving On (New Beginnings #2),Romance,31.3,1,In stock,Medium (£20–40),Poor
192,The Perfect Play (Play by Play #1),Romance,59.99,3,In stock,Premium (£40–60),Average
193,Dark Lover (Black Dagger Brotherhood #1),Romance,12.87,1,In stock,Low (£0–20),Poor
194,Changing the Game (Play by Play #2),Romance,13.38,3,In stock,Low (£0–20),Average
195,A Walk to Remember,Romance,56.43,1,In stock,Premium (£40–60),Poor
196,The Purest Hook (Second Circle Tattoos #3),Romance,12.25,1,In stock,Low (£0–20),Poor
197,The Obsession,Romance,45.43,1,In stock,Premium (£40–60),Poor
198,Reservations for Two,Romance,11.1,3,In stock,Low (£0–20),Average
199,Best of My Love (Fool's Gold #20),Romance,27.41,2,In stock,Medium (£20–40),Fair
200,Where Lightning Strikes (Bleeding Stars #3),Romance,39.77,3,In stock,Medium (£20–40),Average
201,This One Moment (Pushing Limits #1),Romance,48.71,1,In stock,Premium (£40–60),Poor
202,"Rhythm, Chord & Malykhin",Romance,28.34,2,In stock,Medium (£20–40),Fair
203,My Perfect Mistake (Over the Top #1),Romance,38.92,2,In stock,Medium (£20–40),Fair
204,Listen to Me (Fusion #1),Romance,58.99,3,In stock,Premium (£40–60),Average
205,Imperfect Harmony,Romance,34.74,4,In stock,Medium (£20–40),Good
206,Fighting Fate (Fighting #6),Romance,39.24,3,In stock,Medium (£20–40),Average
207,Deep Under (Walker Security #1),Romance,47.09,5,In stock,Premium (£40–60),Excellent
208,Charity's Cross (Charles Towne Belles #4),Romance,41.24,1,In stock,Premium (£40–60),Poor
209,Bounty (Colorado Mountain #7),Romance,37.26,4,In stock,Medium (£20–40),Good
210,I Had a Nice Time And Other Lies...: How to find love & sh*t like that,Womens Fiction,57.36,4,In stock,Premium (£40–60),Good
211,Will You Won't You Want Me?,Womens Fiction,13.86,3,In stock,Low (£0–20),Average
212,Keep Me Posted,Womens Fiction,20.46,4,In stock,Medium (£20–40),Good
213,Grey (Fifty Shades #4),Womens Fiction,48.49,4,In stock,Premium (£40–60),Good
214,Meternity,Womens Fiction,43.58,3,In stock,Premium (£40–60),Average
215,Some Women,Womens Fiction,13.73,5,In stock,Low (£0–20),Excellent
216,Shopaholic Ties the Knot (Shopaholic #3),Womens Fiction,48.39,5,In stock,Premium (£40–60),Excellent
217,Can You Keep a Secret?,Womens Fiction,21.94,1,In stock,Medium (£20–40),Poor
218,Twenties Girl,Womens Fiction,42.8,2,In stock,Premium (£40–60),Fair
219,The Undomestic Goddess,Womens Fiction,45.75,4,In stock,Premium (£40–60),Good
220,The Nanny Diaries (Nanny #1),Womens Fiction,52.53,5,In stock,Premium (£40–60),Excellent
221,The Devil Wears Prada (The Devil Wears Prada #1),Womens Fiction,44.29,1,In stock,Premium (£40–60),Poor
222,Something Borrowed (Darcy & Rachel #1),Womens Fiction,48.96,5,In stock,Premium (£40–60),Excellent
223,Something Blue (Darcy & Rachel #2),Womens Fiction,54.62,1,In stock,Premium (£40–60),Poor
224,I've Got Your Number,Womens Fiction,19.69,1,In stock,Low (£0–20),Poor
225,The Edge of Reason (Bridget Jones #2),Womens Fiction,19.18,4,In stock,Low (£0–20),Good
226,Bridget Jones's Diary (Bridget Jones #1),Womens Fiction,29.82,1,In stock,Medium (£20–40),Poor
227,Soumission,Fiction,50.1,1,In stock,Premium (£40–60),Poor
228,Private Paris (Private #10),Fiction,47.61,5,In stock,Premium (£40–60),Excellent
229,"We Love You, Charlie Freeman",Fiction,50.27,5,In stock,Premium (£40–60),Excellent
230,Thirst,Fiction,17.27,5,In stock,Low (£0–20),Excellent
231,The Murder That Never Was (Forensic Instincts #5),Fiction,54.11,3,In stock,Premium (£40–60),Average
232,Tuesday Nights in 1980,Fiction,21.04,2,In stock,Medium (£20–40),Fair
233,The Vacationers,Fiction,42.15,4,In stock,Premium (£40–60),Good
234,The Regional Office Is Under Attack!,Fiction,51.36,5,In stock,Premium (£40–60),Excellent
235,Finders Keepers (Bill Hodges Trilogy #2),Fiction,53.53,5,In stock,Premium (£40–60),Excellent
236,The Time Keeper,Fiction,27.88,5,In stock,Medium (£20–40),Excellent
237,The Testament of Mary,Fiction,52.67,4,In stock,Premium (£40–60),Good
238,The First Hostage (J.B. Collins #2),Fiction,25.85,3,In stock,Medium (£20–40),Average
239,Take Me with You,Fiction,45.21,3,In stock,Premium (£40–60),Average
240,Still Life with Bread Crumbs,Fiction,26.41,3,In stock,Medium (£20–40),Average
241,Shtum,Fiction,55.84,4,In stock,Premium (£40–60),Good
242,My Name Is Lucy Barton,Fiction,41.56,1,In stock,Premium (£40–60),Poor
243,My Mrs. Brown,Fiction,24.48,3,In stock,Medium (£20–40),Average
244,Mr. Mercedes (Bill Hodges Trilogy #1),Fiction,28.9,1,In stock,Medium (£20–40),Poor
245,I Am Pilgrim (Pilgrim #1),Fiction,10.6,4,In stock,Low (£0–20),Good
246,Eligible (The Austen Project #4),Fiction,27.09,3,In stock,Medium (£20–40),Average
247,Eight Hundred Grapes,Fiction,14.39,4,In stock,Low (£0–20),Good
248,Dear Mr. Knightley,Fiction,11.21,5,In stock,Low (£0–20),Excellent
249,Cometh the Hour (The Clifton Chronicles #6),Fiction,25.01,3,In stock,Medium (£20–40),Average
250,Balloon Animals,Fiction,17.03,3,In stock,Low (£0–20),Average
251,A Man Called Ove,Fiction,39.72,1,In stock,Medium (£20–40),Poor
252,The Silent Sister (Riley MacPherson #1),Fiction,46.29,5,In stock,Premium (£40–60),Excellent
253,The Dinner Party,Fiction,56.54,2,In stock,Premium (£40–60),Fair
254,The Improbability of Love,Fiction,59.45,1,In stock,Premium (£40–60),Poor
255,Mothering Sunday,Fiction,13.34,2,In stock,Low (£0–20),Fair
256,Lies and Other Acts of Love,Fiction,45.14,1,In stock,Premium (£40–60),Poor
257,Daredevils,Fiction,16.34,3,In stock,Low (£0–20),Average
258,11/22/1963,Fiction,48.48,3,In stock,Premium (£40–60),Average
259,The Shack,Fiction,28.03,1,In stock,Medium (£20–40),Poor
260,The High Mountains of Portugal,Fiction,51.15,1,In stock,Premium (£40–60),Poor
261,Miller's Valley,Fiction,58.54,2,In stock,Premium (£40–60),Fair
262,Hystopia: A Novel,Fiction,21.96,4,In stock,Medium (£20–40),Good
263,The Bourne Identity (Jason Bourne #1),Fiction,42.78,4,In stock,Premium (£40–60),Good
264,Sister Dear,Fiction,40.2,4,In stock,Premium (£40–60),Good
265,Memoirs of a Geisha,Fiction,49.67,3,In stock,Premium (£40–60),Average
266,Me Before You (Me Before You #1),Fiction,19.02,1,In stock,Low (£0–20),Poor
267,Deception Point,Fiction,40.32,4,In stock,Premium (£40–60),Good
268,The Little Paris Bookshop,Fiction,24.73,3,In stock,Medium (£20–40),Average
269,The Firm,Fiction,45.56,3,In stock,Premium (£40–60),Average
270,The Expatriates,Fiction,44.58,2,In stock,Premium (£40–60),Fair
271,Siddhartha,Fiction,34.22,5,In stock,Medium (£20–40),Excellent
272,Last One Home (New Beginnings #1),Fiction,59.98,3,In stock,Premium (£40–60),Average
273,Digital Fortress,Fiction,58.0,5,In stock,Premium (£40–60),Excellent
274,Atlas Shrugged,Fiction,26.58,5,In stock,Medium (£20–40),Excellent
275,Three-Martini Lunch,Fiction,23.21,3,In stock,Medium (£20–40),Average
276,The Nightingale,Fiction,26.26,4,In stock,Medium (£20–40),Good
277,The Infinities,Fiction,27.41,1,In stock,Medium (£20–40),Poor
278,The Husband's Secret,Fiction,52.51,5,In stock,Premium (£40–60),Excellent
279,The Da Vinci Code (Robert Langdon #2),Fiction,22.96,2,In stock,Medium (£20–40),Fair
280,The Art of Fielding,Fiction,22.1,1,In stock,Medium (£20–40),Poor
281,Lila (Gilead #3),Fiction,12.47,3,In stock,Low (£0–20),Average
282,Jurassic Park (Jurassic Park #1),Fiction,44.97,1,In stock,Premium (£40–60),Poor
283,Inferno (Robert Langdon #4),Fiction,41.0,5,In stock,Premium (£40–60),Excellent
284,Crazy Rich Asians (Crazy Rich Asians #1),Fiction,49.13,5,In stock,Premium (£40–60),Excellent
285,Big Little Lies,Fiction,22.11,1,In stock,Medium (£20–40),Poor
286,The Course of Love,Fiction,16.78,3,In stock,Low (£0–20),Average
287,When I'm Gone,Fiction,51.96,3,In stock,Premium (£40–60),Average
288,The Silent Wife,Fiction,12.34,5,In stock,Low (£0–20),Excellent
289,The Bette Davis Club,Fiction,30.66,3,In stock,Medium (£20–40),Average
290,Kitchens of the Great Midwest,Fiction,57.2,5,In stock,Premium (£40–60),Excellent
291,Bright Lines,Fiction,39.07,5,In stock,Medium (£20–40),Excellent
292,Birdsong: A Story in Pictures,Childrens,54.64,3,In stock,Premium (£40–60),Average
293,The Bear and the Piano,Childrens,36.89,1,In stock,Medium (£20–40),Poor
294,The Secret of Dreadwillow Carse,Childrens,56.13,1,In stock,Premium (£40–60),Poor
295,The White Cat and the Monk: A Retelling of the Poem “Pangur Bán”,Childrens,58.08,4,In stock,Premium (£40–60),Good
296,Little Red,Childrens,13.47,3,In stock,Low (£0–20),Average
297,Walt Disney's Alice in Wonderland,Childrens,12.96,5,In stock,Low (£0–20),Excellent
298,Twenty Yawns,Childrens,22.08,2,In stock,Medium (£20–40),Fair
299,Rain Fish,Childrens,23.57,3,In stock,Medium (£20–40),Average
300,Once Was a Time,Childrens,18.28,2,In stock,Low (£0–20),Fair
301,Luis Paints the World,Childrens,53.95,3,In stock,Premium (£40–60),Average
302,Nap-a-Roo,Childrens,25.08,1,In stock,Medium (£20–40),Poor
303,The Whale,Childrens,35.96,4,In stock,Medium (£20–40),Good
304,"Shrunken Treasures: Literary Classics, Short, Sweet, and Silly",Childrens,52.87,3,In stock,Premium (£40–60),Average
305,Raymie Nightingale,Childrens,34.41,2,In stock,Medium (£20–40),Fair
306,Playing from the Heart,Childrens,32.38,1,In stock,Medium (£20–40),Poor
307,Maybe Something Beautiful: How Art Transformed a Neighborhood,Childrens,22.54,1,In stock,Medium (£20–40),Poor
308,The Wild Robot,Childrens,56.07,3,In stock,Premium (£40–60),Average
309,The Thing About Jellyfish,Childrens,48.77,1,In stock,Premium (£40–60),Poor
310,The Lonely Ones,Childrens,43.59,5,In stock,Premium (£40–60),Excellent
311,The Day the Crayons Came Home (Crayons),Childrens,26.33,5,In stock,Medium (£20–40),Excellent
312,The Cat in the Hat (Beginner Books B-1),Childrens,16.26,2,In stock,Low (£0–20),Fair
313,Red: The True Story of Red Riding Hood,Childrens,28.54,3,In stock,Medium (£20–40),Average
314,Horrible Bear!,Childrens,37.52,2,In stock,Medium (£20–40),Fair
315,Green Eggs and Ham (Beginner Books B-16),Childrens,10.79,4,In stock,Low (£0–20),Good
316,Counting Thyme,Childrens,10.62,1,In stock,Low (£0–20),Poor
317,Are We There Yet?,Childrens,10.66,3,In stock,Low (£0–20),Average
318,Diary of a Minecraft Zombie Book 1: A Scare of a Dare (An Unofficial Minecraft Book),Childrens,52.88,4,In stock,Premium (£40–60),Good
319,Matilda,Childrens,28.34,1,In stock,Medium (£20–40),Poor
320,Charlie and the Chocolate Factory (Charlie Bucket #1),Childrens,22.85,3,In stock,Medium (£20–40),Average
321,"Don't Be a Jerk: And Other Practical Advice from Dogen, Japan's Greatest Zen Master",Religion,37.97,2,In stock,Medium (£20–40),Fair
322,You Are What You Love: The Spiritual Power of Habit,Religion,21.87,4,In stock,Medium (£20–40),Good
323,God: The Most Unpleasant Character in All Fiction,Religion,30.03,5,In stock,Medium (£20–40),Excellent
324,The Book of Mormon,Religion,24.57,3,In stock,Medium (£20–40),Average
325,"A History of God: The 4,000-Year Quest of Judaism, Christianity, and Islam",Religion,27.62,1,In stock,Medium (£20–40),Poor
326,The Bhagavad Gita,Religion,57.49,3,In stock,Premium (£40–60),Average
327,Choosing Our Religion: The Spiritual Lives of America's Nones,Religion,28.42,4,In stock,Medium (£20–40),Good
328,Worlds Elsewhere: Journeys Around Shakespeare’s Globe,Nonfiction,40.3,5,In stock,Premium (£40–60),Excellent
329,The Five Love Languages: How to Express Heartfelt Commitment to Your Mate,Nonfiction,31.05,3,In stock,Medium (£20–40),Average
330,Reasons to Stay Alive,Nonfiction,26.41,2,In stock,Medium (£20–40),Fair
331,#HigherSelfie: Wake Up Your Life. Free Your Soul. Find Your Tribe.,Nonfiction,23.11,5,In stock,Medium (£20–40),Excellent
332,"Unseen City: The Majesty of Pigeons, the Discreet Charm of Snails & Other Wonders of the Urban Wilderness",Nonfiction,44.18,4,In stock,Premium (£40–60),Good
333,Throwing Rocks at the Google Bus: How Growth Became the Enemy of Prosperity,Nonfiction,31.12,3,In stock,Medium (£20–40),Average
334,The Life-Changing Magic of Tidying Up: The Japanese Art of Decluttering and Organizing,Nonfiction,16.77,3,In stock,Low (£0–20),Average
335,The Gutsy Girl: Escapades for Your Life of Epic Adventure,Nonfiction,37.13,1,In stock,Medium (£20–40),Poor
336,The Electric Pencil: Drawings from Inside State Hospital No. 3,Nonfiction,56.06,1,In stock,Premium (£40–60),Poor
337,Spark Joy: An Illustrated Master Class on the Art of Organizing and Tidying Up,Nonfiction,41.83,4,In stock,Premium (£40–60),Good
338,Reskilling America: Learning to Labor in the Twenty-First Century,Nonfiction,19.83,2,In stock,Low (£0–20),Fair
339,In the Country We Love: My Family Divided,Nonfiction,22.0,4,In stock,Medium (£20–40),Good
340,Everydata: The Misinformation Hidden in the Little Data You Consume Every Day,Nonfiction,54.35,2,In stock,Premium (£40–60),Fair
341,Call the Nurse: True Stories of a Country Nurse on a Scottish Isle,Nonfiction,29.14,5,In stock,Medium (£20–40),Excellent
342,Algorithms to Live By: The Computer Science of Human Decisions,Nonfiction,30.81,1,In stock,Medium (£20–40),Poor
343,The Power of Now: A Guide to Spiritual Enlightenment,Nonfiction,43.54,2,In stock,Premium (£40–60),Fair
344,The Omnivore's Dilemma: A Natural History of Four Meals,Nonfiction,38.21,2,In stock,Medium (£20–40),Fair
345,The Genius of Birds,Nonfiction,17.24,1,In stock,Low (£0–20),Poor
346,The Artist's Way: A Spiritual Path to Higher Creativity,Nonfiction,38.49,5,In stock,Medium (£20–40),Excellent
347,So You've Been Publicly Shamed,Nonfiction,12.23,2,In stock,Low (£0–20),Fair
348,"Daring Greatly: How the Courage to Be Vulnerable Transforms the Way We Live, Love, Parent, and Lead",Nonfiction,19.43,3,In stock,Low (£0–20),Average
349,Big Magic: Creative Living Beyond Fear,Nonfiction,30.8,3,In stock,Medium (£20–40),Average
350,Becoming Wise: An Inquiry into the Mystery and Art of Living,Nonfiction,27.43,2,In stock,Medium (£20–40),Fair
351,Agnostic: A Spirited Manifesto,Nonfiction,12.51,5,In stock,Low (£0–20),Excellent
352,Whole Lotta Creativity Going On: 60 Fun and Unusual Exercises to Awaken and Strengthen Your Creativity,Nonfiction,38.2,4,In stock,Medium (£20–40),Good
353,What's It Like in Space?: Stories from Astronauts Who've Been There,Nonfiction,19.6,2,In stock,Low (£0–20),Fair
354,The Year of Magical Thinking,Nonfiction,43.04,2,In stock,Premium (£40–60),Fair
355,The Literature Book (Big Ideas Simply Explained),Nonfiction,17.43,3,In stock,Low (£0–20),Average
356,The Bad-Ass Librarians of Timbuktu: And Their Race to Save the World’s Most Precious Manuscripts,Nonfiction,15.77,1,In stock,Low (£0–20),Poor
357,Swell: A Year of Waves,Nonfiction,45.58,1,In stock,Premium (£40–60),Poor
358,No Dream Is Too High: Life Lessons From a Man Who Walked on the Moon,Nonfiction,21.95,2,In stock,Medium (£20–40),Fair
359,Looking for Lovely: Collecting the Moments that Matter,Nonfiction,29.14,5,In stock,Medium (£20–40),Excellent
360,Let It Out: A Journey Through Journaling,Nonfiction,26.79,5,In stock,Medium (£20–40),Excellent
361,Hamilton: The Revolution,Nonfiction,58.79,3,In stock,Premium (£40–60),Average
362,"Far & Away: Places on the Brink of Change: Seven Continents, Twenty-Five Years",Nonfiction,15.06,4,In stock,Low (£0–20),Good
363,"Eaternity: More than 150 Deliciously Easy Vegan Recipes for a Long, Healthy, Satisfied, Joyful Life",Nonfiction,51.75,5,In stock,Premium (£40–60),Excellent
364,Buying In: The Secret Dialogue Between What We Buy and Who We Are,Nonfiction,37.8,4,In stock,Medium (£20–40),Good
365,Brain on Fire: My Month of Madness,Nonfiction,49.32,5,In stock,Premium (£40–60),Excellent
366,Abstract City,Nonfiction,56.37,5,In stock,Premium (£40–60),Excellent
367,13 Hours: The Inside Account of What Really Happened In Benghazi,Nonfiction,27.06,1,In stock,Medium (£20–40),Poor
368,The Lonely City: Adventures in the Art of Being Alone,Nonfiction,33.26,2,In stock,Medium (£20–40),Fair
369,The Diary of a Young Girl,Nonfiction,59.9,3,In stock,Premium (£40–60),Average
370,Snatched: How A Drug Queen Went Undercover for the DEA and Was Kidnapped By Colombian Guerillas,Nonfiction,21.21,3,In stock,Medium (£20–40),Average
371,Furiously Happy: A Funny Book About Horrible Things,Nonfiction,41.46,4,In stock,Premium (£40–60),Good
372,"The Sleep Revolution: Transforming Your Life, One Night at a Time",Nonfiction,11.68,4,In stock,Low (£0–20),Good
373,"Mother, Can You Not?",Nonfiction,16.89,5,In stock,Low (£0–20),Excellent
374,A Mother's Reckoning: Living in the Aftermath of Tragedy,Nonfiction,19.53,3,In stock,Low (£0–20),Average
375,"10% Happier: How I Tamed the Voice in My Head, Reduced Stress Without Losing My Edge, and Found Self-Help That Actually Works",Nonfiction,24.57,2,In stock,Medium (£20–40),Fair
376,Chernobyl 01:23:40: The Incredible True Story of the World's Worst Nuclear Disaster,Nonfiction,35.92,2,In stock,Medium (£20–40),Fair
377,"Zero to One: Notes on Startups, or How to Build the Future",Nonfiction,34.06,3,In stock,Medium (£20–40),Average
378,Why Not Me?,Nonfiction,17.76,1,In stock,Low (£0–20),Poor
379,When Breath Becomes Air,Nonfiction,39.36,2,In stock,Medium (£20–40),Fair
380,"The Midnight Assassin: Panic, Scandal, and the Hunt for America's First Serial Killer",Nonfiction,28.45,4,In stock,Medium (£20–40),Good
381,Smarter Faster Better: The Secrets of Being Productive in Life and Business,Nonfiction,38.89,5,In stock,Medium (£20–40),Excellent
382,Rising Strong,Nonfiction,21.82,3,In stock,Medium (£20–40),Average
383,Man's Search for Meaning,Nonfiction,29.48,3,In stock,Medium (£20–40),Average
384,"Love That Boy: What Two Presidents, Eight Road Trips, and My Son Taught Me About a Parent's Expectations",Nonfiction,25.06,2,In stock,Medium (£20–40),Fair
385,Living Forward: A Proven Plan to Stop Drifting and Get the Life You Want,Nonfiction,12.55,3,In stock,Low (£0–20),Average
386,I Will Find You,Nonfiction,44.21,1,In stock,Premium (£40–60),Poor
387,Brazen: The Courage to Find the You That's Been Hiding,Nonfiction,19.22,2,In stock,Low (£0–20),Fair
388,Between the World and Me,Nonfiction,56.91,4,In stock,Premium (£40–60),Good
389,Being Mortal: Medicine and What Matters in the End,Nonfiction,55.06,4,In stock,Premium (£40–60),Good
390,"A Murder Over a Girl: Justice, Gender, Junior High",Nonfiction,13.2,3,In stock,Low (£0–20),Average
391,For the Love: Fighting for Grace in a World of Impossible Standards,Nonfiction,45.13,3,In stock,Premium (£40–60),Average
392,Finding God in the Ruins: How God Redeems Pain,Nonfiction,46.64,2,In stock,Premium (£40–60),Fair
393,The Man Who Mistook His Wife for a Hat and Other Clinical Tales,Nonfiction,59.45,4,In stock,Premium (£40–60),Good
394,In Cold Blood,Nonfiction,49.98,4,In stock,Premium (£40–60),Good
395,"Girl, Interrupted",Nonfiction,42.14,3,In stock,Premium (£40–60),Average
396,Why Save the Bankers?: And Other Essays on Our Economic and Political Crisis,Nonfiction,48.67,2,In stock,Premium (£40–60),Fair
397,Talking to Girls About Duran Duran: One Young Man's Quest for True Love and a Cooler Haircut,Nonfiction,25.15,4,In stock,Medium (£20–40),Good
398,My Mother Was Nuts,Nonfiction,31.63,4,In stock,Medium (£20–40),Good
399,"Data, A Love Story: How I Gamed Online Dating to Meet My Match",Nonfiction,32.35,3,In stock,Medium (£20–40),Average
400,The Jazz of Physics: The Secret Link Between Music and the Structure of the Universe,Nonfiction,38.71,3,In stock,Medium (£20–40),Average
401,The Gunning of America: Business and the Making of American Gun Culture,Nonfiction,16.81,4,In stock,Low (£0–20),Good
402,The Geography of Bliss: One Grump's Search for the Happiest Places in the World,Nonfiction,28.23,2,In stock,Medium (£20–40),Fair
403,God Is Not Great: How Religion Poisons Everything,Nonfiction,27.8,1,In stock,Medium (£20–40),Poor
404,We the People: The Modern-Day Figures Who Have Reshaped and Affirmed the Founding Fathers' Vision of America,Nonfiction,31.95,3,In stock,Medium (£20–40),Average
405,Very Good Lives: The Fringe Benefits of Failure and the Importance of Imagination,Nonfiction,50.66,3,In stock,Premium (£40–60),Average
406,"Unstuffed: Decluttering Your Home, Mind, and Soul",Nonfiction,58.09,1,In stock,Premium (£40–60),Poor
407,Under the Banner of Heaven: A Story of Violent Faith,Nonfiction,30.0,1,In stock,Medium (£20–40),Poor
408,"Trespassing Across America: One Man's Epic, Never-Done-Before (and Sort of Illegal) Hike Across the Heartland",Nonfiction,53.51,1,In stock,Premium (£40–60),Poor
409,The Name of God is Mercy,Nonfiction,37.25,2,In stock,Medium (£20–40),Fair
410,Stiff: The Curious Lives of Human Cadavers,Nonfiction,36.74,3,In stock,Medium (£20–40),Average
411,Spilled Milk: Based on a True Story,Nonfiction,49.51,1,In stock,Premium (£40–60),Poor
412,"Rise of the Rocket Girls: The Women Who Propelled Us, from Missiles to the Moon to Mars",Nonfiction,41.67,4,In stock,Premium (£40–60),Good
413,Outliers: The Story of Success,Nonfiction,14.16,1,In stock,Low (£0–20),Poor
414,Notes from a Small Island (Notes From a Small Island #1),Nonfiction,40.17,1,In stock,Premium (£40–60),Poor
415,Night (The Night Trilogy #1),Nonfiction,13.51,1,In stock,Low (£0–20),Poor
416,"Miracles from Heaven: A Little Girl, Her Journey to Heaven, and Her Amazing Story of Healing",Nonfiction,57.83,1,In stock,Premium (£40–60),Poor
417,Letter to a Christian Nation,Nonfiction,22.2,1,In stock,Medium (£20–40),Poor
418,Let's Pretend This Never Happened: A Mostly True Memoir,Nonfiction,45.11,1,In stock,Premium (£40–60),Poor
419,It's Never Too Late to Begin Again: Discovering Creativity and Meaning at Midlife and Beyond,Nonfiction,42.38,1,In stock,Premium (£40–60),Poor
420,Into the Wild,Nonfiction,56.7,5,In stock,Premium (£40–60),Excellent
421,"In the Garden of Beasts: Love, Terror, and an American Family in Hitler's Berlin",Nonfiction,28.85,3,In stock,Medium (£20–40),Average
422,I Am Malala: The Girl Who Stood Up for Education and Was Shot by the Taliban,Nonfiction,28.88,2,In stock,Medium (£20–40),Fair
423,Gratitude,Nonfiction,26.66,5,In stock,Medium (£20–40),Excellent
424,Disrupted: My Misadventure in the Start-Up Bubble,Nonfiction,15.28,5,In stock,Low (£0–20),Excellent
425,Brave Enough,Nonfiction,51.32,5,In stock,Premium (£40–60),Excellent
426,"Born to Run: A Hidden Tribe, Superathletes, and the Greatest Race the World Has Never Seen",Nonfiction,27.35,2,In stock,Medium (£20–40),Fair
427,Blink: The Power of Thinking Without Thinking,Nonfiction,21.74,5,In stock,Medium (£20–40),Excellent
428,Black Flags: The Rise of ISIS,Nonfiction,40.87,1,In stock,Premium (£40–60),Poor
429,Are We Smart Enough to Know How Smart Animals Are?,Nonfiction,56.58,1,In stock,Premium (£40–60),Poor
430,A Walk in the Woods: Rediscovering America on the Appalachian Trail,Nonfiction,30.48,4,In stock,Medium (£20–40),Good
431,"The Suffragettes (Little Black Classics, #96)",Nonfiction,11.89,2,In stock,Low (£0–20),Fair
432,Kindle Paperwhite User's Guide,Nonfiction,34.0,3,In stock,Medium (£20–40),Average
433,H is for Hawk,Nonfiction,57.42,5,In stock,Premium (£40–60),Excellent
434,Travels with Charley: In Search of America,Nonfiction,57.82,5,In stock,Premium (£40–60),Excellent
435,The Tumor,Nonfiction,41.56,5,In stock,Premium (£40–60),Excellent
436,The End of the Jesus Era (An Investigation #1),Nonfiction,14.4,1,In stock,Low (£0–20),Poor
437,"Eat, Pray, Love",Nonfiction,51.32,3,In stock,Premium (£40–60),Average
438,Rip it Up and Start Again,Music,35.02,5,In stock,Medium (£20–40),Excellent
439,"Our Band Could Be Your Life: Scenes from the American Indie Underground, 1981-1991",Music,57.25,3,In stock,Premium (£40–60),Average
440,How Music Works,Music,37.32,2,In stock,Medium (£20–40),Fair
441,Love Is a Mix Tape (Music #1),Music,18.03,1,In stock,Low (£0–20),Poor
442,Please Kill Me: The Uncensored Oral History of Punk,Music,31.19,4,In stock,Medium (£20–40),Good
443,Kill 'Em and Leave: Searching for James Brown and the American Soul,Music,45.05,5,In stock,Premium (£40–60),Excellent
444,"Chronicles, Vol. 1",Music,52.6,2,In stock,Premium (£40–60),Fair
445,This Is Your Brain on Music: The Science of a Human Obsession,Music,38.4,1,In stock,Medium (£20–40),Poor
446,"Orchestra of Exiles: The Story of Bronislaw Huberman, the Israel Philharmonic, and the One Thousand Jews He Saved from Nazi Horrors",Music,12.36,3,In stock,Low (£0–20),Average
447,No One Here Gets Out Alive,Music,20.02,5,In stock,Medium (£20–40),Excellent
448,Life,Music,31.58,5,In stock,Medium (£20–40),Excellent
449,Old Records Never Die: One Man's Quest for His Vinyl and His Past,Music,55.66,2,In stock,Premium (£40–60),Fair
450,Forever Rockers (The Rocker #12),Music,28.8,3,In stock,Medium (£20–40),Average
603,Mesaerion: The Best Science Fiction Stories 1800-1849,Science Fiction,37.59,1,In stock,Medium (£20–40),Poor
604,Join,Science Fiction,35.67,5,In stock,Medium (£20–40),Excellent
605,"William Shakespeare's Star Wars: Verily, A New Hope (William Shakespeare's Star Wars #4)",Science Fiction,43.3,4,In stock,Premium (£40–60),Good
606,The Project,Science Fiction,10.65,1,In stock,Low (£0–20),Poor
607,Soft Apocalypse,Science Fiction,26.12,2,In stock,Medium (£20–40),Fair
608,Sleeping Giants (Themis Files #1),Science Fiction,48.74,1,In stock,Premium (£40–60),Poor
609,Arena,Science Fiction,21.36,4,In stock,Medium (£20–40),Good
610,Foundation (Foundation (Publication Order) #1),Science Fiction,32.42,1,In stock,Medium (£20–40),Poor
611,The Restaurant at the End of the Universe (Hitchhiker's Guide to the Galaxy #2),Science Fiction,10.92,1,In stock,Low (£0–20),Poor
612,Ready Player One,Science Fiction,19.07,4,In stock,Low (£0–20),Good
613,"Life, the Universe and Everything (Hitchhiker's Guide to the Galaxy #3)",Science Fiction,33.26,2,In stock,Medium (£20–40),Fair
614,Dune (Dune #1),Science Fiction,54.86,1,In stock,Premium (£40–60),Poor
615,Do Androids Dream of Electric Sheep? (Blade Runner #1),Science Fiction,51.48,1,In stock,Premium (£40–60),Poor
616,Three Wishes (River of Time: California #1),Science Fiction,44.18,2,In stock,Premium (£40–60),Fair
617,The Last Girl (The Dominion Trilogy #1),Science Fiction,36.26,2,In stock,Medium (£20–40),Fair
618,Having the Barbarian's Baby (Ice Planet Barbarians #7.5),Science Fiction,34.96,4,In stock,Medium (£20–40),Good
619,The Book of Basketball: The NBA According to The Sports Guy,Sports and Games,44.84,5,In stock,Premium (£40–60),Excellent
620,"Friday Night Lights: A Town, a Team, and a Dream",Sports and Games,51.22,3,In stock,Premium (£40–60),Average
621,Sugar Rush (Offensive Line #2),Sports and Games,24.42,1,In stock,Medium (£20–40),Poor
622,Settling the Score (The Summer Games #1),Sports and Games,44.91,2,In stock,Premium (£40–60),Fair
623,Icing (Aces Hockey #2),Sports and Games,40.44,4,In stock,Premium (£40–60),Good
691,Unicorn Tracks,Fantasy,18.78,3,In stock,Low (£0–20),Average
692,"Saga, Volume 6 (Saga (Collected Editions) #6)",Fantasy,25.02,3,In stock,Medium (£20–40),Average
693,Princess Between Worlds (Wide-Awake Princess #5),Fantasy,13.34,5,In stock,Low (£0–20),Excellent
694,Masks and Shadows,Fantasy,56.4,2,In stock,Premium (£40–60),Fair
695,Crown of Midnight (Throne of Glass #2),Fantasy,43.29,3,In stock,Premium (£40–60),Average
696,"Avatar: The Last Airbender: Smoke and Shadow, Part 3 (Smoke and Shadow #3)",Fantasy,28.09,2,In stock,Medium (£20–40),Fair
697,A Court of Thorns and Roses (A Court of Thorns and Roses #1),Fantasy,52.37,1,In stock,Premium (£40–60),Poor
698,Throne of Glass (Throne of Glass #1),Fantasy,35.07,3,In stock,Medium (£20–40),Average
699,The Glittering Court (The Glittering Court #1),Fantasy,44.28,1,In stock,Premium (£40–60),Poor
700,Hollow City (Miss Peregrine’s Peculiar Children #2),Fantasy,42.98,1,In stock,Premium (£40–60),Poor
701,The Star-Touched Queen,Fantasy,46.02,5,In stock,Premium (£40–60),Excellent
702,The Hidden Oracle (The Trials of Apollo #1),Fantasy,52.26,2,In stock,Premium (£40–60),Fair
703,The Bane Chronicles (The Bane Chronicles #1-11),Fantasy,44.73,4,In stock,Premium (£40–60),Good
704,Island of Dragons (Unwanteds #7),Fantasy,29.65,1,In stock,Medium (£20–40),Poor
705,Demigods & Magicians: Percy and Annabeth Meet the Kanes (Percy Jackson & Kane Chronicles Crossover #1-3),Fantasy,37.51,5,In stock,Medium (£20–40),Excellent
706,City of Glass (The Mortal Instruments #3),Fantasy,56.02,4,In stock,Premium (£40–60),Good
707,Searching for Meaning in Gailana,Fantasy,38.73,1,In stock,Medium (£20–40),Poor
708,The Star-Touched Queen,Fantasy,32.3,5,In stock,Medium (£20–40),Excellent
709,A Shard of Ice (The Black Symphony Saga #1),Fantasy,56.63,3,In stock,Premium (£40–60),Average
710,King's Folly (The Kinsman Chronicles #1),Fantasy,39.61,5,In stock,Medium (£20–40),Excellent
711,Every Heart a Doorway (Every Heart A Doorway #1),Fantasy,12.16,5,In stock,Low (£0–20),Excellent
712,A Gathering of Shadows (Shades of Magic #2),Fantasy,44.81,4,In stock,Premium (£40–60),Good
713,The Raven Boys (The Raven Cycle #1),Fantasy,57.74,4,In stock,Premium (£40–60),Good
714,The False Prince (The Ascendance Trilogy #1),Fantasy,56.0,5,In stock,Premium (£40–60),Excellent
715,Tell the Wind and Fire,Fantasy,45.51,3,In stock,Premium (£40–60),Average
716,A Feast for Crows (A Song of Ice and Fire #4),Fantasy,17.21,4,In stock,Low (£0–20),Good
717,The Demonists (Demonist #1),Fantasy,52.11,2,In stock,Premium (£40–60),Fair
718,The Beast (Black Dagger Brotherhood #14),Fantasy,46.08,5,In stock,Premium (£40–60),Excellent
719,Paper and Fire (The Great Library #2),Fantasy,49.45,5,In stock,Premium (£40–60),Excellent
720,Harry Potter and the Order of the Phoenix (Harry Potter #5),Fantasy,31.63,4,In stock,Medium (£20–40),Good
721,Harry Potter and the Half-Blood Prince (Harry Potter #6),Fantasy,48.75,5,In stock,Premium (£40–60),Excellent
722,Harry Potter and the Chamber of Secrets (Harry Potter #2),Fantasy,14.74,1,In stock,Low (£0–20),Poor
723,The Rose & the Dagger (The Wrath and the Dawn #2),Fantasy,58.64,4,In stock,Premium (£40–60),Good
724,Soldier (Talon #3),Fantasy,24.72,2,In stock,Medium (£20–40),Fair
725,Midnight Riot (Peter Grant/ Rivers of London - books #1),Fantasy,55.46,2,In stock,Premium (£40–60),Fair
726,Heir to the Sky,Fantasy,44.07,4,In stock,Premium (£40–60),Good
727,Eragon (The Inheritance Cycle #1),Fantasy,43.87,3,In stock,Premium (£40–60),Average
728,Darkfever (Fever #1),Fantasy,56.02,1,In stock,Premium (£40–60),Poor
729,Ash,Fantasy,22.06,4,In stock,Medium (£20–40),Good
730,A Storm of Swords (A Song of Ice and Fire #3),Fantasy,31.22,2,In stock,Medium (£20–40),Fair
731,Vampire Girl (Vampire Girl #1),Fantasy,53.82,2,In stock,Premium (£40–60),Fair
732,The Silent Twin (Detective Jennifer Knight #3),Fantasy,36.25,3,In stock,Medium (£20–40),Average
733,The Mirror & the Maze (The Wrath and the Dawn #1.5),Fantasy,29.38,1,In stock,Medium (£20–40),Poor
734,Sister Sable (The Mad Queen #1),Fantasy,13.33,3,In stock,Low (£0–20),Average
735,Shadow Rites (Jane Yellowrock #10),Fantasy,21.72,4,In stock,Medium (£20–40),Good
736,Origins (Alphas 0.5),Fantasy,28.99,1,In stock,Medium (£20–40),Poor
737,One Second (Seven #7),Fantasy,52.94,2,In stock,Premium (£40–60),Fair
738,Myriad (Prentor #1),Fantasy,58.75,4,In stock,Premium (£40–60),Good
739,Without Borders (Wanderlove #1),New Adult,45.07,2,In stock,Premium (£40–60),Fair
740,The Mistake (Off-Campus #2),New Adult,43.29,3,In stock,Premium (£40–60),Average
741,The Matchmaker's Playbook (Wingmen Inc. #1),New Adult,55.85,1,In stock,Premium (£40–60),Poor
742,The Hook Up (Game On #1),New Adult,36.29,5,In stock,Medium (£20–40),Excellent
743,Shameless,New Adult,58.35,3,In stock,Premium (£40–60),Average
744,Off Sides (Off #1),New Adult,39.45,5,In stock,Medium (£20–40),Excellent
745,The Requiem Red,Young Adult,22.65,1,In stock,Medium (£20–40),Poor
746,Set Me Free,Young Adult,17.46,5,In stock,Low (£0–20),Excellent
747,The Natural History of Us (The Fine Art of Pretending #2),Young Adult,45.22,3,In stock,Premium (£40–60),Average
748,Obsidian (Lux #1),Young Adult,14.86,2,In stock,Low (£0–20),Fair
749,Burning,Young Adult,28.81,3,In stock,Medium (£20–40),Average
750,A Fierce and Subtle Poison,Young Adult,28.13,4,In stock,Medium (£20–40),Good
751,Scarlett Epstein Hates It Here,Young Adult,43.55,5,In stock,Premium (£40–60),Excellent
752,"Nightingale, Sing",Young Adult,38.28,1,In stock,Medium (£20–40),Poor
753,Library of Souls (Miss Peregrine’s Peculiar Children #3),Young Adult,48.56,5,In stock,Premium (£40–60),Excellent
754,Frostbite (Vampire Academy #2),Young Adult,29.99,5,In stock,Medium (£20–40),Excellent
755,Wild Swans,Young Adult,14.36,2,In stock,Low (£0–20),Fair
756,Until Friday Night (The Field Party #1),Young Adult,46.31,2,In stock,Premium (£40–60),Fair
757,This Is Where It Ends,Young Adult,27.12,2,In stock,Medium (£20–40),Fair
758,The Darkest Lie,Young Adult,35.35,5,In stock,Medium (£20–40),Excellent
759,My Kind of Crazy,Young Adult,40.36,1,In stock,Premium (£40–60),Poor
760,Don't Get Caught,Young Adult,55.35,1,In stock,Premium (£40–60),Poor
761,Catching Jordan (Hundred Oaks),Young Adult,50.83,3,In stock,Premium (£40–60),Average
762,Aristotle and Dante Discover the Secrets of the Universe (Aristotle and Dante Discover the Secrets of the Universe #1),Young Adult,58.14,4,In stock,Premium (£40–60),Good
763,The Epidemic (The Program 0.6),Young Adult,14.44,5,In stock,Low (£0–20),Excellent
764,Stars Above (The Lunar Chronicles #4.5),Young Adult,48.05,2,In stock,Premium (£40–60),Fair
765,No Love Allowed (Dodge Cove #1),Young Adult,54.65,4,In stock,Premium (£40–60),Good
766,"Exit, Pursued by a Bear",Young Adult,51.34,4,In stock,Premium (£40–60),Good
767,The Alien Club,Young Adult,54.4,1,In stock,Premium (£40–60),Poor
768,Don't Forget Steven,Young Adult,33.23,1,In stock,Medium (£20–40),Poor
769,South of Sunshine,Young Adult,28.93,1,In stock,Medium (£20–40),Poor
770,My Life Next Door (My Life Next Door ),Young Adult,36.39,5,In stock,Medium (£20–40),Excellent
771,Future Shock (Future Shock #1),Young Adult,55.65,5,In stock,Premium (£40–60),Excellent
772,Nightstruck: A Novel,Young Adult,50.35,4,In stock,Premium (£40–60),Good
773,Tell the Wolves I'm Home,Young Adult,50.96,2,In stock,Premium (£40–60),Fair
774,"Will Grayson, Will Grayson (Will Grayson, Will Grayson)",Young Adult,47.31,4,In stock,Premium (£40–60),Good
775,Where She Went (If I Stay #2),Young Adult,41.73,4,In stock,Premium (£40–60),Good
776,Two Summers,Young Adult,14.64,1,In stock,Low (£0–20),Poor
777,The Darkest Corners,Young Adult,11.33,5,In stock,Low (£0–20),Excellent
778,Tell Me Three Things,Young Adult,41.81,1,In stock,Premium (£40–60),Poor
779,Lola and the Boy Next Door (Anna and the French Kiss #2),Young Adult,23.63,4,In stock,Medium (£20–40),Good
780,Kill the Boy Band,Young Adult,15.52,5,In stock,Low (£0–20),Excellent
781,Isla and the Happily Ever After (Anna and the French Kiss #3),Young Adult,48.13,5,In stock,Premium (£40–60),Excellent
782,An Abundance of Katherines,Young Adult,10.0,5,In stock,Low (£0–20),Excellent
783,Harry Potter and the Prisoner of Azkaban (Harry Potter #3),Young Adult,24.17,4,In stock,Medium (£20–40),Good
784,Walk the Edge (Thunder Road #2),Young Adult,32.36,3,In stock,Medium (£20–40),Average
785,Two Boys Kissing,Young Adult,32.74,2,In stock,Medium (£20–40),Fair
786,The New Guy (and Other Senior Year Distractions),Young Adult,44.92,3,In stock,Premium (£40–60),Average
787,"The Land of 10,000 Madonnas",Young Adult,29.64,4,In stock,Medium (£20–40),Good
788,Scarlet (The Lunar Chronicles #2),Young Adult,14.57,4,In stock,Low (£0–20),Good
789,Legend (Legend #1),Young Adult,43.69,4,In stock,Premium (£40–60),Good
790,Lady Renegades (Rebel Belle #3),Young Adult,53.04,5,In stock,Premium (£40–60),Excellent
791,Golden (Heart of Dread #3),Young Adult,42.21,4,In stock,Premium (£40–60),Good
792,Cinder (The Lunar Chronicles #1),Young Adult,26.09,1,In stock,Medium (£20–40),Poor
793,Boy Meets Boy,Young Adult,21.12,3,In stock,Medium (£20–40),Average
794,Annie on My Mind,Young Adult,36.83,5,In stock,Medium (£20–40),Excellent
795,New Moon (Twilight #2),Young Adult,12.86,4,In stock,Low (£0–20),Good
796,Girl Online On Tour (Girl Online #2),Young Adult,53.47,1,In stock,Premium (£40–60),Poor
797,The Haters,Young Adult,27.89,5,In stock,Medium (£20–40),Excellent
798,The Art of Not Breathing,Young Adult,40.83,4,In stock,Premium (£40–60),Good
799,The Most Perfect Thing: Inside (and Outside) a Bird's Egg,Science,42.96,4,In stock,Premium (£40–60),Good
800,Immunity: How Elie Metchnikoff Changed the Course of Modern Medicine,Science,57.36,5,In stock,Premium (£40–60),Excellent
801,Sorting the Beef from the Bull: The Science of Food Fraud Forensics,Science,44.74,4,In stock,Premium (£40–60),Good
802,Tipping Point for Planet Earth: How Close Are We to the Edge?,Science,37.55,1,In stock,Medium (£20–40),Poor
803,"The Fabric of the Cosmos: Space, Time, and the Texture of Reality",Science,55.91,1,In stock,Premium (£40–60),Poor
804,Diary of a Citizen Scientist: Chasing Tiger Beetles and Other New Ways of Engaging the World,Science,28.41,1,In stock,Medium (£20–40),Poor
805,The Origin of Species,Science,10.01,4,In stock,Low (£0–20),Good
806,The Grand Design,Science,13.76,3,In stock,Low (£0–20),Average
807,Peak: Secrets from the New Science of Expertise,Science,16.28,2,In stock,Low (£0–20),Fair
808,"The Elegant Universe: Superstrings, Hidden Dimensions, and the Quest for the Ultimate Theory",Science,13.03,4,In stock,Low (£0–20),Good
809,"The Disappearing Spoon: And Other True Tales of Madness, Love, and the History of the World from the Periodic Table of the Elements",Science,57.35,5,In stock,Premium (£40–60),Excellent
810,"Surely You're Joking, Mr. Feynman!: Adventures of a Curious Character",Science,25.83,2,In stock,Medium (£20–40),Fair
811,Seven Brief Lessons on Physics,Science,30.6,4,In stock,Medium (£20–40),Good
812,The Selfish Gene,Science,29.45,1,In stock,Medium (£20–40),Poor
813,A Light in the Attic,Poetry,51.77,3,In stock,Premium (£40–60),Average
814,The Black Maria,Poetry,52.15,1,In stock,Premium (£40–60),Poor
815,Shakespeare's Sonnets,Poetry,20.66,4,In stock,Medium (£20–40),Good
816,Olio,Poetry,23.88,1,In stock,Medium (£20–40),Poor
817,You can't bury them all: Poems,Poetry,33.63,2,In stock,Medium (£20–40),Fair
818,Slow States of Collapse: Poems,Poetry,57.31,3,In stock,Premium (£40–60),Average
819,Untitled Collection: Sabbath Poems 2014,Poetry,14.27,4,In stock,Low (£0–20),Good
820,Poems That Make Grown Women Cry,Poetry,14.19,4,In stock,Low (£0–20),Good
821,Night Sky with Exit Wounds,Poetry,41.05,1,In stock,Premium (£40–60),Poor
822,salt.,Poetry,46.78,4,In stock,Premium (£40–60),Good
823,"Quarter Life Poetry: Poems for the Young, Broke and Hangry",Poetry,50.89,5,In stock,Premium (£40–60),Excellent
824,Out of Print: City Lights Spotlight No. 14,Poetry,53.64,5,In stock,Premium (£40–60),Excellent
825,Les Fleurs du Mal,Poetry,29.04,5,In stock,Medium (£20–40),Excellent
826,Howl and Other Poems,Poetry,40.45,2,In stock,Premium (£40–60),Fair
827,Leave This Song Behind: Teen Poetry at Its Best,Poetry,51.17,5,In stock,Premium (£40–60),Excellent
828,The Collected Poems of W.B. Yeats (The Collected Works of W.B. Yeats #1),Poetry,15.42,5,In stock,Low (£0–20),Excellent
829,The Crossover,Poetry,38.77,4,In stock,Medium (£20–40),Good
830,Booked,Poetry,17.49,5,In stock,Low (£0–20),Excellent
831,Twenty Love Poems and a Song of Despair,Poetry,30.95,4,In stock,Medium (£20–40),Good
832,"Vampire Knight, Vol. 1 (Vampire Knight #1)",Paranormal,15.4,1,In stock,Low (£0–20),Poor
833,Wall and Piece,Art,44.18,4,In stock,Premium (£40–60),Good
834,Feathers: Displays of Brilliant Plumage,Art,49.05,3,In stock,Premium (£40–60),Average
835,Art and Fear: Observations on the Perils (and Rewards) of Artmaking,Art,48.63,4,In stock,Premium (£40–60),Good
836,The New Drawing on the Right Side of the Brain,Art,43.02,3,In stock,Premium (£40–60),Average
837,History of Beauty,Art,10.29,4,In stock,Low (£0–20),Good
838,The Story of Art,Art,41.14,4,In stock,Premium (£40–60),Good
839,The Art Book,Art,32.34,2,In stock,Medium (£20–40),Fair
840,Ways of Seeing,Art,39.51,5,In stock,Medium (£20–40),Excellent
841,The Lucifer Effect: Understanding How Good People Turn Evil,Psychology,10.4,1,In stock,Low (£0–20),Poor
842,The Golden Condom: And Other Essays on Love Lost and Found,Psychology,39.43,1,In stock,Medium (£20–40),Poor
843,It Didn't Start with You: How Inherited Family Trauma Shapes Who We Are and How to End the Cycle,Psychology,56.27,3,In stock,Premium (£40–60),Average
844,An Unquiet Mind: A Memoir of Moods and Madness,Psychology,21.3,3,In stock,Medium (£20–40),Average
845,"Thinking, Fast and Slow",Psychology,21.14,1,In stock,Medium (£20–40),Poor
846,Civilization and Its Discontents,Psychology,59.95,2,In stock,Premium (£40–60),Fair
847,8 Keys to Mental Health Through Exercise,Psychology,31.04,1,In stock,Medium (£20–40),Poor
848,The Argonauts,Autobiography,10.93,2,In stock,Low (£0–20),Fair
849,M Train,Autobiography,27.18,1,In stock,Medium (£20–40),Poor
850,Lab Girl,Autobiography,40.85,1,In stock,Premium (£40–60),Poor
851,Approval Junkie: Adventures in Caring Too Much,Autobiography,58.81,5,In stock,Premium (£40–60),Excellent
852,Running with Scissors,Autobiography,12.91,4,In stock,Low (£0–20),Good
853,Me Talk Pretty One Day,Autobiography,57.6,2,In stock,Premium (£40–60),Fair
854,Lust & Wonder,Autobiography,11.87,2,In stock,Low (£0–20),Fair
855,Life Without a Recipe,Autobiography,59.04,5,In stock,Premium (£40–60),Excellent
856,A Heartbreaking Work of Staggering Genius,Autobiography,54.29,5,In stock,Premium (£40–60),Excellent
857,Catastrophic Happiness: Finding Joy in Childhood's Messy Years,Parenting,37.35,2,In stock,Medium (£20–40),Fair
858,Fifty Shades Freed (Fifty Shades #3),Adult Fiction,15.36,5,In stock,Low (£0–20),Excellent
859,The Long Haul (Diary of a Wimpy Kid #9),Humor,44.07,1,In stock,Premium (£40–60),Poor
860,Old School (Diary of a Wimpy Kid #10),Humor,11.83,5,In stock,Low (£0–20),Excellent
861,I Know What I'm Doing -- and Other Lies I Tell Myself: Dispatches from a Life Under Construction,Humor,25.98,4,In stock,Medium (£20–40),Good
862,"Hyperbole and a Half: Unfortunate Situations, Flawed Coping Mechanisms, Mayhem, and Other Things That Happened",Humor,14.75,5,In stock,Low (£0–20),Excellent
863,Dress Your Family in Corduroy and Denim,Humor,43.68,3,In stock,Premium (£40–60),Average
864,Toddlers Are A**holes: It's Not Your Fault,Humor,25.55,1,In stock,Medium (£20–40),Poor
865,When You Are Engulfed in Flames,Humor,30.89,5,In stock,Medium (£20–40),Excellent
866,Naked,Humor,31.69,3,In stock,Medium (£20–40),Average
867,"Lamb: The Gospel According to Biff, Christ's Childhood Pal",Humor,55.5,5,In stock,Premium (£40–60),Excellent
868,Holidays on Ice,Humor,51.07,2,In stock,Premium (£40–60),Fair
869,Security,Horror,39.25,2,In stock,Medium (£20–40),Fair
870,Follow You Home,Horror,21.36,1,In stock,Medium (£20–40),Poor
871,The Loney,Horror,23.4,1,In stock,Medium (£20–40),Poor
872,Pet Sematary,Horror,10.56,3,In stock,Low (£0–20),Average
873,Doctor Sleep (The Shining #2),Horror,40.12,2,In stock,Premium (£40–60),Fair
874,Psycho: Sanitarium (Psycho #1.5),Horror,36.97,5,In stock,Medium (£20–40),Excellent
875,Can You Keep a Secret? (Fear Street Relaunch #4),Horror,48.64,1,In stock,Premium (£40–60),Poor
876,Red Dragon (Hannibal Lecter #1),Horror,23.37,3,In stock,Medium (£20–40),Average
877,Dracula the Un-Dead,Horror,35.63,5,In stock,Medium (£20–40),Excellent
878,Night Shift (Night Shift #1-20),Horror,12.75,4,In stock,Low (£0–20),Good
879,Needful Things,Horror,47.51,4,In stock,Premium (£40–60),Good
880,Misery,Horror,34.79,2,In stock,Medium (£20–40),Fair
881,It,Horror,25.01,3,In stock,Medium (£20–40),Average
882,'Salem's Lot,Horror,49.56,4,In stock,Premium (£40–60),Good
883,The Stand,Horror,57.86,2,In stock,Premium (£40–60),Fair
884,The Girl with All the Gifts,Horror,49.47,3,In stock,Premium (£40–60),Average
885,House of Leaves,Horror,54.89,1,In stock,Premium (£40–60),Poor
886,Sapiens: A Brief History of Humankind,History,54.23,5,In stock,Premium (£40–60),Excellent
887,"Unbound: How Eight Technologies Made Us Human, Transformed Society, and Brought Our World to the Brink",History,25.52,1,In stock,Medium (£20–40),Poor
888,The Age of Genius: The Seventeenth Century and the Birth of the Modern Mind,History,19.73,1,In stock,Low (£0–20),Poor
889,"Political Suicide: Missteps, Peccadilloes, Bad Calls, Backroom Hijinx, Sordid Pasts, Rotten Breaks, and Just Plain Dumb Mistakes in the Annals of American Politics",History,36.28,2,In stock,Medium (£20–40),Fair
890,Thomas Jefferson and the Tripoli Pirates: The Forgotten War That Changed American History,History,59.64,1,In stock,Premium (£40–60),Poor
891,Zealot: The Life and Times of Jesus of Nazareth,History,24.7,3,In stock,Medium (£20–40),Average
892,A Distant Mirror: The Calamitous 14th Century,History,14.58,3,In stock,Low (£0–20),Average
893,1491: New Revelations of the Americas Before Columbus,History,21.8,3,In stock,Medium (£20–40),Average
894,Brilliant Beacons: A History of the American Lighthouse,History,11.45,3,In stock,Low (£0–20),Average
895,"""Most Blessed of the Patriarchs"": Thomas Jefferson and the Empire of the Imagination",History,44.48,5,In stock,Premium (£40–60),Excellent
896,A Short History of Nearly Everything,History,52.4,5,In stock,Premium (£40–60),Excellent
897,The Rise and Fall of the Third Reich: A History of Nazi Germany,History,39.67,2,In stock,Medium (£20–40),Fair
898,Catherine the Great: Portrait of a Woman,History,58.55,4,In stock,Premium (£40–60),Good
899,The Mathews Men: Seven Brothers and the War Against Hitler's U-boats,History,42.91,5,In stock,Premium (£40–60),Excellent
900,The Hiding Place,History,55.91,4,In stock,Premium (£40–60),Good
901,America's War for the Greater Middle East: A Military History,History,51.22,2,In stock,Premium (£40–60),Fair
902,The Guns of August,History,14.54,2,In stock,Low (£0–20),Fair
903,"House of Lost Worlds: Dinosaurs, Dynasties, and the Story of Life on Earth",History,43.7,2,In stock,Premium (£40–60),Fair
904,"Foolproof Preserving: A Guide to Small Batch Jams, Jellies, Pickles, Condiments, and More: A Foolproof Guide to Making Small Batch Jams, Jellies, Pickles, Condiments, and More",Food and Drink,30.52,3,In stock,Medium (£20–40),Average
905,"The Pioneer Woman Cooks: Dinnertime: Comfort Classics, Freezer Food, 16-Minute Meals, and Other Delicious Ways to Solve Supper!",Food and Drink,56.41,1,In stock,Premium (£40–60),Poor
906,My Paris Kitchen: Recipes and Stories,Food and Drink,33.37,2,In stock,Medium (£20–40),Fair
907,"Mama Tried: Traditional Italian Cooking for the Screwed, Crude, Vegan, and Tattooed",Food and Drink,14.02,4,In stock,Low (£0–20),Good
908,"Layered: Baking, Building, and Styling Spectacular Cakes",Food and Drink,40.11,1,In stock,Premium (£40–60),Poor
909,The Nerdy Nummies Cookbook: Sweet Treats for the Geek in All of Us,Food and Drink,37.34,5,In stock,Medium (£20–40),Excellent
910,The Love and Lemons Cookbook: An Apple-to-Zucchini Celebration of Impromptu Cooking,Food and Drink,37.6,2,In stock,Medium (£20–40),Fair
911,The Cookies & Cups Cookbook: 125+ sweet & savory recipes reminding you to Always Eat Dessert First,Food and Drink,41.25,1,In stock,Premium (£40–60),Poor
912,"Deliciously Ella Every Day: Quick and Easy Recipes for Gluten-Free Snacks, Packed Lunches, and Simple Meals",Food and Drink,42.16,3,In stock,Premium (£40–60),Average
913,The Help Yourself Cookbook for Kids: 60 Easy Plant-Based Recipes Kids Can Make to Stay Healthy and Save the Earth,Food and Drink,28.77,3,In stock,Medium (£20–40),Average
914,"It's All Easy: Healthy, Delicious Weeknight Meals in under 30 Minutes",Food and Drink,19.55,1,In stock,Low (£0–20),Poor
915,Barefoot Contessa Back to Basics,Food and Drink,28.01,1,In stock,Medium (£20–40),Poor
916,Barefoot Contessa at Home: Everyday Recipes You'll Make Over and Over Again,Food and Drink,50.62,5,In stock,Premium (£40–60),Excellent
917,My Kitchen Year: 136 Recipes That Saved My Life,Food and Drink,11.53,2,In stock,Low (£0–20),Fair
918,Everyday Italian: 125 Simple and Delicious Recipes,Food and Drink,20.1,5,In stock,Medium (£20–40),Excellent
919,"A la Mode: 120 Recipes in 60 Pairings: Pies, Tarts, Cakes, Crisps, and More Topped with Ice Cream, Gelato, Frozen Custard, and More",Food and Drink,38.77,1,In stock,Medium (£20–40),Poor
920,Cravings: Recipes for What You Want to Eat,Food and Drink,20.5,3,In stock,Medium (£20–40),Average
921,"The Moosewood Cookbook: Recipes from Moosewood Restaurant, Ithaca, New York",Food and Drink,12.34,4,In stock,Low (£0–20),Good
922,32 Yolks,Food and Drink,53.63,2,In stock,Premium (£40–60),Fair
923,"Naturally Lean: 125 Nourishing Gluten-Free, Plant-Based Recipes--All Under 300 Calories",Food and Drink,11.38,5,In stock,Low (£0–20),Excellent
924,How to Cook Everything Vegetarian: Simple Meatless Recipes for Great Food (How to Cook Everything),Food and Drink,46.01,4,In stock,Premium (£40–60),Good
925,How to Be a Domestic Goddess: Baking and the Art of Comfort Cooking,Food and Drink,28.25,2,In stock,Medium (£20–40),Fair
926,The Barefoot Contessa Cookbook,Food and Drink,59.92,5,In stock,Premium (£40–60),Excellent
927,Better Homes and Gardens New Cook Book,Food and Drink,39.61,3,In stock,Medium (£20–40),Average
928,The Power Greens Cookbook: 140 Delicious Superfood Recipes,Food and Drink,11.05,5,In stock,Low (£0–20),Excellent
929,Mexican Today: New and Rediscovered Recipes for Contemporary Kitchens,Food and Drink,24.91,5,In stock,Medium (£20–40),Excellent
930,Vegan Vegetarian Omnivore: Dinner for Everyone at the Table,Food and Drink,13.66,2,In stock,Low (£0–20),Fair
931,The Smitten Kitchen Cookbook,Food and Drink,23.59,1,In stock,Medium (£20–40),Poor
932,"The Art of Simple Food: Notes, Lessons, and Recipes from a Delicious Revolution",Food and Drink,34.32,3,In stock,Medium (£20–40),Average
933,Hungry Girl Clean & Hungry: Easy All-Natural Recipes for Healthy Eating in the Real World,Food and Drink,33.14,3,In stock,Medium (£20–40),Average
934,Redeeming Love,Christian Fiction,20.47,5,In stock,Medium (£20–40),Excellent
935,Close to You,Christian Fiction,49.46,4,In stock,Premium (£40–60),Good
936,Shadows of the Past (Logan Point #1),Christian Fiction,39.67,5,In stock,Medium (£20–40),Excellent
937,Like Never Before (Walker Family #2),Christian Fiction,28.77,2,In stock,Medium (£20–40),Fair
938,Counted With the Stars (Out from Egypt #1),Christian Fiction,17.97,5,In stock,Low (£0–20),Excellent
939,If I Run (If I Run #1),Christian Fiction,49.97,4,In stock,Premium (£40–60),Good
940,The Dirty Little Secrets of Getting Your Dream Job,Business,33.34,4,In stock,Medium (£20–40),Good
941,The Third Wave: An Entrepreneur’s Vision of the Future,Business,12.61,5,In stock,Low (£0–20),Excellent
942,The 10% Entrepreneur: Live Your Startup Dream Without Quitting Your Day Job,Business,27.55,3,In stock,Medium (£20–40),Average
943,Shoe Dog: A Memoir by the Creator of NIKE,Business,23.99,2,In stock,Medium (£20–40),Fair
944,Made to Stick: Why Some Ideas Survive and Others Die,Business,38.85,5,In stock,Medium (£20–40),Excellent
945,Quench Your Own Thirst: Business Lessons Learned Over a Beer or Two,Business,43.14,1,In stock,Premium (£40–60),Poor
946,The Art of Startup Fundraising,Business,21.0,3,In stock,Medium (£20–40),Average
947,Born for This: How to Find the Work You Were Meant to Do,Business,21.59,5,In stock,Medium (£20–40),Excellent
948,The E-Myth Revisited: Why Most Small Businesses Don't Work and What to Do About It,Business,36.91,1,In stock,Medium (£20–40),Poor
949,"Rich Dad, Poor Dad",Business,51.74,1,In stock,Premium (£40–60),Poor
950,The Lean Startup: How Today's Entrepreneurs Use Continuous Innovation to Create Radically Successful Businesses,Business,33.92,3,In stock,Medium (£20–40),Average
951,Rework,Business,44.88,2,In stock,Premium (£40–60),Fair
952,Louisa: The Extraordinary Life of Mrs. Adams,Biography,16.85,2,In stock,Low (£0–20),Fair
953,"Setting the World on Fire: The Brief, Astonishing Life of St. Catherine of Siena",Biography,21.15,2,In stock,Medium (£20–40),Fair
954,The Faith of Christopher Hitchens: The Restless Soul of the World's Most Notorious Atheist,Biography,39.55,1,In stock,Medium (£20–40),Poor
955,Benjamin Franklin: An American Life,Biography,48.19,3,In stock,Premium (£40–60),Average
956,The Rise of Theodore Roosevelt (Theodore Roosevelt #1),Biography,42.57,3,In stock,Premium (£40–60),Average
957,In Her Wake,Thriller,12.84,1,In stock,Low (£0–20),Poor
958,The Elephant Tree,Thriller,23.82,5,In stock,Medium (£20–40),Excellent
959,Behind Closed Doors,Thriller,52.22,4,In stock,Premium (£40–60),Good
960,You (You #1),Thriller,43.61,5,In stock,Premium (£40–60),Excellent
961,The Guilty (Will Robie #4),Thriller,13.82,2,In stock,Low (£0–20),Fair
962,The 14th Colony (Cotton Malone #11),Thriller,39.24,1,In stock,Medium (£20–40),Poor
963,Give It Back,Thriller,18.32,2,In stock,Low (£0–20),Fair
964,Killing Floor (Jack Reacher #1),Thriller,31.49,4,In stock,Medium (£20–40),Good
965,The Bone Hunters (Lexy Vaughan & Steven Macaulay #2),Thriller,59.71,3,In stock,Premium (£40–60),Average
966,Far From True (Promise Falls Trilogy #2),Thriller,34.93,2,In stock,Medium (£20–40),Fair
967,The Travelers,Thriller,15.77,1,In stock,Low (£0–20),Poor
968,When We Collided,Contemporary,31.77,1,In stock,Medium (£20–40),Poor
969,Someone Like You (The Harrisons #2),Contemporary,52.79,5,In stock,Premium (£40–60),Excellent
970,We Are All Completely Beside Ourselves,Contemporary,24.04,1,In stock,Medium (£20–40),Poor
971,The Four Agreements: A Practical Guide to Personal Freedom,Spirituality,17.66,5,In stock,Low (£0–20),Excellent
972,The Activist's Tao Te Ching: Ancient Advice for a Modern Revolution,Spirituality,32.24,5,In stock,Medium (£20–40),Excellent
973,Chasing Heaven: What Dying Taught Me About Living,Spirituality,37.8,2,In stock,Medium (£20–40),Fair
974,If I Gave You God's Phone Number....: Searching for Spirituality in America,Spirituality,20.91,1,In stock,Medium (£20–40),Poor
975,Unreasonable Hope: Finding Faith in the God Who Brings Purpose to Your Pain,Spirituality,46.33,2,In stock,Premium (£40–60),Fair
976,A New Earth: Awakening to Your Life's Purpose,Spirituality,55.65,5,In stock,Premium (£40–60),Excellent
977,Logan Kade (Fallen Crest High #5.5),Academic,13.12,2,In stock,Low (£0–20),Fair
978,Online Marketing for Busy Authors: A Step-By-Step Guide,Self Help,46.35,1,In stock,Premium (£40–60),Poor
979,How to Be Miserable: 40 Strategies You Already Use,Self Help,46.03,1,In stock,Premium (£40–60),Poor
980,"Overload: How to Unplug, Unwind, and Unleash Yourself from the Pressure of Stress",Self Help,52.15,3,In stock,Premium (£40–60),Average
981,You Are a Badass: How to Stop Doubting Your Greatness and Start Living an Awesome Life,Self Help,12.08,3,In stock,Low (£0–20),Average
982,How to Stop Worrying and Start Living,Self Help,46.49,5,In stock,Premium (£40–60),Excellent
983,All the Light We Cannot See,Historical,29.87,5,In stock,Medium (£20–40),Excellent
984,The Girl You Left Behind (The Girl You Left Behind #1),Historical,15.79,1,In stock,Low (£0–20),Poor
985,(Un)Qualified: How God Uses Broken People to Do Big Things,Christian,54.0,5,In stock,Premium (£40–60),Excellent
986,Crazy Love: Overwhelmed by a Relentless God,Christian,47.72,2,In stock,Premium (£40–60),Fair
987,Blue Like Jazz: Nonreligious Thoughts on Christian Spirituality,Christian,25.77,1,In stock,Medium (£20–40),Poor
988,Silence in the Dark (Logan Point #4),Suspense,58.33,3,In stock,Premium (£40–60),Average
989,The Grownup,Short Stories,35.88,1,In stock,Medium (£20–40),Poor
990,Suzie Snowflake: One beautiful flake (a self-esteem story),Novels,54.81,5,In stock,Premium (£40–60),Excellent
991,"The Bulletproof Diet: Lose up to a Pound a Day, Reclaim Energy and Focus, Upgrade Your Life",Health,49.05,3,In stock,Premium (£40–60),Average
992,"Eat Fat, Get Thin",Health,54.07,2,In stock,Premium (£40–60),Fair
993,10-Day Green Smoothie Cleanse: Lose Up to 15 Pounds in 10 Days!,Health,49.71,5,In stock,Premium (£40–60),Excellent
994,The Art and Science of Low Carbohydrate Living,Health,52.98,5,In stock,Premium (£40–60),Excellent
995,Libertarianism for Beginners,Politics,51.33,2,In stock,Premium (£40–60),Fair
996,Why the Right Went Wrong: Conservatism--From Goldwater to the Tea Party and Beyond,Politics,52.65,4,In stock,Premium (£40–60),Good
997,Equal Is Unfair: America's Misguided Fight Against Income Inequality,Politics,56.86,1,In stock,Premium (£40–60),Poor
998,Amid the Chaos,Cultural,36.58,1,In stock,Medium (£20–40),Poor
999,Dark Notes,Erotica,19.19,5,In stock,Low (£0–20),Excellent
1000,The Long Shadow of Small Ghosts: Murder and Memory in an American City,Crime,10.97,1,In stock,Low (£0–20),Poor
